{
  "name": "project",
  "tree": {
    "$className": "DataModel",
    "ReplicatedStorage": {
      "$className": "ReplicatedStorage",
      "$ignoreUnknownInstances": true,
      "$path": "src/ReplicatedStorage"
    },
    "StarterGui": {
      "$className": "StarterGui",
      "$ignoreUnknownInstances": true,
      "$path": "src/StarterGui"
    },
    "StarterPlayer": {
      "$className": "StarterPlayer",
      "StarterPlayerScripts": {
        "$className": "StarterPlayerScripts",
        "$ignoreUnknownInstances": true,
        "$path": "src/StarterPlayer/StarterPlayerScripts"
      },
      "$ignoreUnknownInstances": true
    },
    "Workspace": {
      "$className": "Workspace",
      "$ignoreUnknownInstances": true,
      "$path": "src/Workspace"
    }
  }
}